Marital status,Application mode,Application order,Course,Daytime/evening attendance,Previous qualification,Previous qualification (grade),Nacionality,Mother's qualification,Father's qualification,Mother's occupation,Father's occupation,Admission grade,Displaced,Educational special needs,Debtor,Tuition fees up to date,Gender,Scholarship holder,Age at enrollment,International,Curricular units 1st sem (credited),Curricular units 1st sem (enrolled),Curricular units 1st sem (evaluations),Curricular units 1st sem (approved),Curricular units 1st sem (grade),Curricular units 1st sem (without evaluations),Curricular units 2nd sem (credited),Curricular units 2nd sem (enrolled),Curricular units 2nd sem (evaluations),Curricular units 2nd sem (approved),Curricular units 2nd sem (grade),Curricular units 2nd sem (without evaluations),Unemployment rate,Inflation rate,GDP,Target
1,44,1,9292,1,6,139.14545034072376,1,34,34,0,0,138.72471251361884,1,0,0,1,1,0,20,0,0,6,10,4,11.295725397795126,0,0,6,11,3,11.481592949573509,0,7.6106902061690205,2.6246309200387143,0.38436071111489006,Dropout
2,38,1,9329,1,19,132.73954670457076,2,36,37,8,9,99.99135625380764,0,0,0,1,1,0,36,0,0,5,0,0,0.0,0,0,5,0,0,0.0,0,16.2,0.36760651608836614,-1.006484450592575,Dropout
1,1,4,9519,1,1,136.58639368851243,1,2,19,2,7,125.6432481517642,1,0,0,1,0,0,18,0,0,7,0,0,0.008808372842787305,0,0,8,0,0,0.3638489579230122,0,15.53926057571628,2.9045350982904545,-4.06,Dropout
1,44,1,9070,1,39,120.0,1,1,19,5,8,119.8,0,0,0,1,1,0,21,0,2,7,7,2,12.0,0,5,9,10,7,12.142857142857142,0,12.4,0.5,1.79,Dropout
2,40,1,9866,1,10,133.63008095210688,1,38,34,1,0,115.42651422476092,0,0,0,1,0,0,40,0,0,6,12,3,12.671552332475546,0,0,6,14,0,0.0,1,7.6,2.664936996166143,0.1649574691534567,Dropout
1,1,1,9153,1,1,116.69569764916045,1,2,12,5,8,110.76316701839129,1,0,0,1,1,0,19,0,0,6,6,6,11.875025731255649,0,0,6,8,6,12.305033341207135,0,8.699779659214553,1.3553367554759623,3.51,Graduate
1,1,1,9500,1,1,130.0,1,3,3,1,5,118.8,0,0,0,1,0,0,18,0,0,7,7,7,13.677142857142858,0,0,8,9,8,14.533333333333331,0,11.1,0.6,2.02,Graduate
1,1,6,9147,1,1,139.0,1,19,12,4,4,125.0,1,0,0,1,0,0,18,0,0,5,8,3,12.333333333333334,0,0,5,7,4,12.0,0,7.6,2.6,0.32,Graduate
1,39,2,9694,1,19,132.37512175663235,1,35,34,0,0,99.44809764820144,1,0,0,0,1,0,27,0,0,5,8,1,11.196278972181773,0,0,5,6,3,10.198503780854285,1,7.6,2.551494356759225,0.21888879162703156,Dropout
1,44,1,9238,1,39,140.0,1,1,1,4,3,138.6,0,0,0,1,1,0,22,0,3,6,7,6,12.333333333333334,0,2,6,6,2,14.0,0,13.9,-0.3,0.79,Dropout
1,44,1,9003,1,39,150.0,1,1,19,4,10,150.0,0,0,0,1,1,1,21,0,0,6,8,6,13.0,0,0,6,10,6,12.625,0,15.5,2.8,-4.06,Graduate
1,2,1,9540,1,1,125.30812680305539,2,36,37,10,9,127.05711461339713,1,0,1,1,0,0,20,0,0,7,7,6,15.39778501474574,0,0,7,7,6,15.203886061966665,0,7.6,2.4615651040063997,-0.006741254983517686,Graduate
1,39,1,9551,1,1,119.36423669314138,1,36,38,11,10,99.70370320249762,0,0,0,1,1,0,34,0,0,7,14,6,11.225115823503542,0,0,7,16,4,12.803214612908745,0,16.032463953765028,0.22731571942534518,-0.8590262862203681,Enrolled
1,17,4,9805,1,1,119.47253656810008,1,39,19,9,11,117.66550208496814,0,0,0,1,0,0,19,0,0,6,8,4,11.357809662067082,0,0,6,0,0,0.0,0,15.307181180675162,2.7817382786726026,-4.041019735857533,Dropout
1,18,1,9156,1,1,138.85580305637544,1,2,20,4,8,126.34165532313729,1,0,0,1,0,0,18,0,0,5,12,2,11.280639216720585,0,0,5,12,3,11.8530539851874,2,10.861529023852809,1.4653670030918151,1.864685009968085,Enrolled
1,17,1,9134,1,2,141.0531453062153,1,2,2,0,2,129.12370429105522,0,0,0,1,0,1,19,0,0,6,15,6,11.527143324696981,0,0,6,9,3,12.680387887413762,0,9.52300019734939,-0.7803689031143433,-3.277131284858324,Graduate
2,39,1,9891,0,1,109.5422220889601,1,37,37,7,2,126.4116557804446,0,0,0,1,0,0,34,0,0,5,9,4,11.260785456304355,0,0,5,10,4,10.743084692053046,1,7.6,2.674262878819989,0.3031362868129037,Enrolled
1,15,6,9518,1,1,136.24155230927025,1,20,38,10,6,132.14479147507882,1,0,0,1,0,0,19,0,0,8,9,7,12.086070502031014,0,0,8,9,7,12.33755464216368,0,12.935784605992058,3.7,-1.7736061892375858,Graduate
1,1,1,9198,1,1,124.66803032386046,2,38,2,3,10,114.46942777491734,1,0,0,1,1,0,19,0,0,5,5,5,13.790615729773561,0,0,5,7,5,12.313291093960476,0,9.383983402429797,-0.8,-3.388631351159051,Graduate
1,45,1,9271,1,39,139.34036255346368,1,1,1,3,7,141.80493511428853,0,0,0,1,0,1,20,0,3,6,6,6,12.677537165756675,0,2,6,6,6,12.7075583561324,0,13.91749702304343,-0.35121947006385906,0.818661139915642,Graduate
1,1,1,9147,1,1,150.0,1,34,19,0,4,152.8,1,0,0,1,1,1,18,0,0,5,7,4,12.75,0,0,5,5,0,0.0,0,7.6,2.6,0.32,Dropout
1,16,1,9086,1,1,120.0600595498797,1,19,38,3,6,122.37399813949452,0,0,0,0,1,0,19,0,0,6,11,5,13.442190271680866,0,0,6,11,5,13.46160078799878,0,11.05297841104678,0.6602444389637975,1.9130751358611184,Enrolled
1,1,1,171,1,1,149.0,1,1,1,9,3,156.0,1,0,0,1,0,0,18,0,0,0,0,0,0.0,0,0,0,0,0,0.0,0,10.8,1.4,1.74,Graduate
1,1,1,8972,1,1,144.60847052432166,1,38,38,10,11,137.44210165009403,1,0,0,1,0,0,20,0,0,5,6,5,14.853967064196082,1,0,5,6,5,14.123552250957374,0,12.646709400279471,3.7,-1.7484962546407259,Graduate
1,43,1,9238,1,1,125.0,1,19,19,4,8,117.0,1,0,0,1,0,0,21,0,0,6,13,3,12.0,0,0,6,12,2,11.333333333333334,0,16.2,0.3,-0.92,Dropout
1,1,3,9500,1,1,134.0,1,38,38,7,9,132.8,1,0,0,1,0,1,19,0,0,8,8,7,13.512857142857142,0,0,8,8,7,13.512857142857142,0,10.8,1.4,1.74,Graduate
1,42,1,9535,1,1,126.26349770051402,1,38,39,7,5,124.35608237097193,1,0,0,1,0,0,22,0,0,7,14,6,10.711821526165421,1,0,8,10,8,11.880429252653032,0,12.639128526072017,3.6924087572728004,-1.6786927461803869,Enrolled
1,17,1,9500,1,1,121.0,1,1,1,4,3,120.5,1,0,0,1,0,0,21,0,0,8,8,7,12.91,0,0,8,8,7,12.91,0,10.8,1.4,1.74,Graduate
1,42,1,9413,1,2,136.1084524353161,1,18,36,173,181,118.41455008574773,1,0,0,1,0,0,21,0,0,7,12,4,12.854099392081801,0,0,7,8,6,12.336202303443345,0,13.93571347750966,-0.35972944566969856,0.7899650371572339,Enrolled
1,51,1,8014,0,2,110.0,1,19,38,9,10,110.0,0,0,0,1,1,0,42,0,8,12,12,11,14.454545454545457,0,7,11,11,10,14.2,0,11.1,0.6,2.02,Graduate
1,1,1,9853,1,1,124.0,1,3,1,2,5,121.6,0,0,0,1,0,0,18,0,0,6,9,5,12.333333333333334,0,0,6,10,5,10.6,0,15.5,2.8,-4.06,Enrolled
2,42,1,9147,1,1,100.0,1,37,37,9,9,100.0,1,0,0,1,0,0,54,0,13,15,20,13,12.461538461538462,1,10,13,13,10,11.1,1,15.5,2.8,-4.06,Dropout
2,39,1,9991,0,1,140.69590256924872,1,35,15,11,9,131.58875411366682,1,0,0,1,1,0,41,0,0,5,9,4,10.850969997060908,0,0,5,7,2,10.283846032752757,0,9.372808874049626,-0.8,-3.151808753751417,Dropout
1,44,1,9104,1,39,130.65187009703521,1,1,2,5,7,129.2070073617862,0,0,0,0,1,0,21,0,2,6,10,5,13.076848849000335,0,1,6,21,3,11.855645880130302,0,12.354032099765709,0.5121422119459265,1.8057282347219108,Enrolled
1,1,3,8949,1,2,131.49856367405172,1,1,2,10,6,126.26561427140662,1,0,0,1,0,1,17,0,0,6,6,6,15.527190261724241,0,0,6,6,6,15.288396986721802,0,11.30634661048666,0.48223068592569907,1.979184967154328,Graduate
1,1,1,9178,1,1,128.95163758634317,1,19,19,3,4,119.8817614824322,1,0,0,1,0,0,19,0,0,6,12,2,13.033752279634593,0,0,6,8,5,11.777687681089438,0,7.691740498962575,2.578534533619907,0.27186468405122544,Graduate
2,44,1,8014,0,39,150.0,1,1,1,5,5,154.0,0,0,0,1,1,0,37,0,12,16,17,16,14.125,0,6,11,14,10,13.0,0,12.4,0.5,1.79,Graduate
1,1,3,171,1,1,129.0,1,38,37,9,3,127.3,1,0,1,0,1,1,19,0,0,0,0,0,0.0,0,0,0,0,0,0.0,0,9.4,-0.8,-3.12,Dropout
1,18,1,9048,1,1,131.7304507632801,1,39,19,5,6,128.10042253204605,0,0,0,1,0,1,21,0,0,6,6,6,11.536817374148502,0,0,6,6,6,12.35333170187902,0,9.37138886610484,-0.8,-3.0022342949339085,Graduate
1,2,3,9154,1,1,123.46585702248855,1,19,1,8,11,115.82401187096997,1,0,1,1,0,0,19,0,0,6,7,0,0.0,0,0,5,5,0,0.22711759625982506,0,13.770893013351838,-0.27631122852057843,0.8744378738645644,Dropout
1,1,1,9172,1,1,148.21257306459736,1,37,36,11,9,143.39296220904308,0,0,0,1,0,0,18,0,0,6,6,6,13.158165654139948,0,0,6,6,6,12.7912132255298,0,10.63700224518839,1.3858427571412741,1.784630057077769,Graduate
1,18,1,9182,1,1,124.36409509973677,1,20,1,6,3,121.76126836366831,1,0,0,1,1,0,20,0,0,5,7,5,15.846714819344058,0,0,5,7,5,14.256114621921112,0,10.946625350699648,0.4942967941996459,2.0189556637005333,Dropout
1,1,1,9607,1,1,124.54511028762087,1,19,1,8,8,129.78744571557328,1,0,0,1,0,1,18,0,0,6,6,6,13.484068538436734,0,0,6,6,6,14.2226564520852,0,9.099392715379858,1.3517439515544447,3.346799499248225,Graduate
1,44,1,9978,0,1,119.94799789031326,1,37,37,6,5,123.48391136185809,1,0,0,1,0,0,29,0,8,13,16,8,10.19862611226466,0,8,12,19,9,10.309345329341424,0,9.600439766376988,-0.8,-3.111187429541593,Enrolled
1,3,1,9326,1,1,130.62821903463328,1,3,18,5,9,132.59662649533587,1,0,0,1,0,0,19,0,0,6,6,6,14.303632589619012,0,0,6,8,6,13.630674796159905,0,12.555583797608941,0.5242378513594156,1.7621437706220109,Graduate
2,39,1,8938,1,1,120.76230508094557,1,38,21,11,2,147.7321492734314,0,0,0,1,0,0,50,0,0,6,7,6,12.725108072870968,0,0,6,15,5,12.304022048648308,0,8.944496365720271,1.4299677722108453,3.51,Graduate
1,1,1,9500,1,1,136.0,1,1,19,9,9,131.5,0,0,0,1,0,1,20,0,0,7,8,6,13.863333333333337,0,0,8,9,7,14.178571428571429,0,11.1,0.6,2.02,Graduate
1,53,1,9529,1,1,130.91798781865293,1,1,38,154,191,126.7629205478711,1,0,0,1,1,0,23,0,0,7,11,5,12.109770194147735,0,0,7,13,2,13.364478161000893,0,9.165957388872021,1.4561429596064852,3.51,Enrolled
1,39,1,9991,0,3,130.0,1,37,37,9,9,146.2,0,0,0,1,0,0,28,0,10,14,16,11,11.272727272727272,0,6,11,16,10,12.0,0,10.8,1.4,1.74,Graduate
1,44,1,9233,1,1,108.08158714001691,1,18,36,4,5,108.99887198761836,0,0,0,1,0,1,21,0,0,6,15,2,10.378807883495181,0,0,6,8,5,12.23168818620434,0,10.773208587971515,1.2594759767002444,1.6203124667869773,Enrolled
1,3,1,165,1,2,147.38869845589406,1,2,4,4,2,132.3892935876439,1,0,0,1,0,0,20,0,6,12,12,8,13.868587745367675,0,4,11,13,9,12.969096682161734,1,8.763723899947426,1.42728984765084,3.51,Dropout
1,1,1,9773,1,1,130.0,1,1,38,3,5,128.6,1,0,0,1,1,0,19,0,0,6,8,5,12.0,0,0,6,8,5,12.4,0,9.4,-0.8,-3.12,Graduate
1,7,1,9003,1,3,120.0,1,37,37,6,6,120.0,0,0,0,1,0,0,54,0,9,13,13,13,14.307692307692308,0,5,12,15,12,15.23076923076923,0,15.5,2.8,-4.06,Graduate
1,1,1,9049,1,1,131.14181455487636,1,37,37,89,90,136.75026322428684,0,0,0,1,0,0,18,0,0,5,5,5,14.093646458262128,0,0,5,6,5,15.443129407234121,0,7.702680930991916,2.583484757383563,0.2968122275988455,Graduate
1,39,1,9408,1,1,99.47414314549064,1,2,19,3,5,114.54369579826165,0,0,0,0,1,0,25,0,0,6,0,0,0.11060069568243963,0,0,6,0,0,0.0,0,11.22343784755806,0.5131791218421955,2.047644171417967,Dropout
1,18,1,9500,1,1,123.0,1,37,37,3,3,118.0,1,0,0,1,0,1,19,0,0,8,8,7,11.82,0,0,8,8,7,11.82,0,10.8,1.4,1.74,Graduate
1,1,2,9582,1,1,122.78864873628451,1,33,34,91,90,112.04142606635529,1,0,0,1,0,0,20,0,0,7,8,4,12.016915565543194,0,0,7,8,4,11.42422711394942,0,7.818340710142918,2.5434143348399,0.29588075432271216,Dropout
1,43,1,8965,1,39,139.8439386412496,1,2,1,4,3,141.0330812387853,1,0,0,1,0,0,20,0,0,6,10,5,11.60764873676838,0,0,6,7,5,12.227790415811004,0,12.211800724945954,0.7892081222380675,1.8009764402439328,Graduate
1,2,1,9534,1,1,133.05116240057865,1,3,19,3,8,125.16221291464878,0,0,0,1,0,0,19,0,0,7,12,4,12.705782362177567,0,0,7,11,5,11.945252491153544,0,16.109696683646074,0.32287491781404637,-1.0172838467073106,Enrolled
4,43,1,9500,1,1,130.0,1,37,37,9,9,103.7,0,0,0,1,0,0,38,0,1,8,12,5,13.126,1,1,8,12,5,13.126,1,10.8,1.4,1.74,Enrolled
1,1,1,171,1,1,169.0,1,19,37,9,7,176.0,1,0,0,1,0,1,18,0,0,0,0,0,0.0,0,0,0,0,0,0.0,0,12.4,0.5,1.79,Graduate
1,1,3,9773,1,1,131.0,1,38,37,7,7,127.2,1,0,0,1,0,1,18,0,0,6,6,6,15.0,0,0,6,6,6,12.833333333333334,0,8.9,1.4,3.51,Dropout
1,18,6,9023,1,1,132.27706652408304,1,18,38,5,8,122.88649920340549,1,0,0,1,1,0,21,0,0,5,7,3,12.66980521608144,1,0,5,12,2,12.871338178249134,0,9.388398549308992,-0.8,-2.9834096948540756,Enrolled
1,1,2,9617,1,1,143.65433080926945,1,37,38,10,9,131.80760869882076,1,0,0,1,0,1,18,0,0,6,8,6,13.836841302726706,0,0,6,6,5,12.751377059786776,0,12.409562158440513,0.43365635890176796,1.7831593110167532,Enrolled
1,1,1,9424,1,1,137.46725593822242,1,38,20,7,7,144.3814012952596,0,0,0,1,0,0,19,0,0,7,9,6,12.642789352106842,0,0,8,8,7,13.535429771994666,0,13.699579493475758,-0.3411222325547878,0.8634678378412614,Graduate
2,7,1,9670,1,3,110.0,1,37,37,7,7,110.0,0,0,0,1,0,0,32,0,4,11,15,8,13.6,0,2,8,10,8,15.11111111111111,0,13.9,-0.3,0.79,Graduate
1,2,5,9532,1,2,123.14947104717434,1,36,2,8,3,116.8775869262074,1,0,0,1,0,0,20,0,0,7,8,6,13.188447240667909,0,0,8,8,7,14.479748589600538,0,13.76275482824115,-0.32108930471935426,0.8213456340143711,Graduate
2,42,1,9207,1,12,99.46197059700226,1,37,37,8,10,134.92826731527697,0,0,0,1,0,0,34,0,9,16,20,14,11.995505917076619,1,11,13,13,11,12.319019775029195,0,7.6,2.6295061665539596,0.3151202437448426,Graduate
2,40,1,9991,0,1,129.88778063171094,1,37,36,9,7,140.2997794935512,1,0,0,1,1,0,31,0,0,5,8,1,10.93966540596911,0,0,5,5,1,12.479510265225118,0,9.274776344459656,-0.797027701461388,-3.1987926444747576,Dropout
1,1,1,9413,1,1,135.8701767087204,1,39,21,194,192,135.41149924073568,1,0,0,1,1,0,21,0,0,7,9,6,12.314264734759641,0,0,8,12,5,12.089537785045264,0,11.186644897997336,0.6370161105893953,1.8292970943465083,Enrolled
1,18,1,9491,1,1,132.68691504664594,1,1,39,6,9,118.22558002978556,0,0,0,1,0,0,19,0,0,7,10,6,11.023144675992608,0,0,7,7,7,13.179225631423744,0,12.440576606144456,3.6244488993908255,-1.672465288787856,Enrolled
1,1,1,236,1,1,145.10680108986094,1,41,3,0,2,160.54779748998422,0,0,0,1,0,1,19,0,6,12,12,12,14.699827501055962,0,4,11,15,11,13.539576317912049,0,8.623022417834735,1.3842776264719456,3.5014777631399308,Graduate
1,17,4,9147,1,1,121.0,1,38,37,6,7,113.0,1,0,0,1,0,1,18,0,0,5,12,4,10.714285714285714,0,0,5,9,4,11.0,0,13.9,-0.3,0.79,Graduate
1,19,1,9870,1,1,116.47986903699746,1,18,37,3,1,113.18989231233164,1,0,0,1,0,0,19,0,0,7,10,6,12.053682026523719,0,0,7,9,6,13.012242256761139,0,12.241588021815529,0.5759169178649104,1.7236245091864595,Graduate
1,43,1,9147,1,1,133.1,1,4,19,2,1,128.2,0,0,0,1,0,0,23,0,7,11,18,11,15.090909090909092,1,2,6,7,6,14.5,0,9.4,-0.8,-3.12,Dropout
6,40,1,7926,0,2,132.68703288881136,1,36,36,9,7,118.53042608534405,0,0,0,1,0,1,48,0,0,6,7,6,10.857230494507185,0,0,6,9,5,11.886099417188735,0,10.895324972223323,1.3423987307009846,1.6852609862892975,Enrolled
1,41,1,9160,1,1,139.62729548830256,1,19,19,91,90,119.44791216089092,0,0,1,0,1,0,31,0,0,4,4,0,0.0,0,0,5,5,0,0.05698023936567289,0,12.62281439897421,3.7,-1.6581182671952304,Dropout
1,19,4,9134,1,2,105.80945309567198,2,20,37,7,7,105.26324401884624,1,0,0,1,1,1,21,0,0,6,8,4,10.118297593691391,0,0,6,11,1,11.052300867375967,0,9.501625157480715,-0.8,-2.9836575817431124,Dropout
1,44,1,9003,1,39,170.0,1,19,19,9,7,170.0,1,0,1,1,1,0,21,0,0,6,7,6,15.285714285714286,0,0,6,6,6,15.166666666666666,0,12.4,0.5,1.79,Graduate
1,18,2,9556,1,1,126.0,1,3,3,2,2,115.5,0,0,0,1,1,0,18,0,0,7,11,6,13.433333333333332,0,0,7,10,4,13.6,0,8.9,1.4,3.51,Graduate
1,18,4,9769,1,1,122.38737561255762,1,18,39,0,8,123.57070024961487,1,0,0,1,0,0,19,0,0,6,8,5,12.754468628504915,0,0,6,8,5,11.226266726183708,0,15.426362099515272,2.883164913856703,-3.8388423952386725,Enrolled
4,43,1,8014,0,12,133.1,1,34,34,0,0,106.0,1,0,0,1,0,0,48,0,0,6,9,5,13.0,0,0,6,10,4,12.5,0,7.6,2.6,0.32,Enrolled
1,17,1,9033,1,1,133.30339613537012,1,1,19,4,7,95.0,0,0,0,1,1,0,20,0,0,5,14,0,0.19438655528189638,0,0,5,5,0,0.0,0,11.008991273203561,0.6378902582397623,2.140796845652844,Dropout
1,39,1,9500,1,4,150.0,1,3,38,3,7,127.0,1,0,0,1,1,0,26,0,2,7,8,6,13.046666666666669,0,2,8,10,7,13.30625,0,11.1,0.6,2.02,Dropout
1,39,1,9003,1,19,133.1,1,37,37,9,7,100.0,0,0,0,1,1,0,35,0,17,18,20,18,11.555555555555555,0,11,13,13,13,11.615384615384617,0,15.5,2.8,-4.06,Graduate
1,45,1,9000,1,1,99.24051583783707,41,4,5,3,0,99.43748831316694,0,0,0,1,0,0,19,1,0,5,10,5,14.542625366518212,2,0,5,7,5,15.218842494177444,0,9.30143952591536,-0.8,-3.064525099556623,Enrolled
1,1,1,9500,1,1,148.0,1,1,1,4,3,137.5,0,0,0,1,1,0,18,0,0,7,7,7,14.842857142857143,0,0,8,9,8,14.38888888888889,0,16.2,0.3,-0.92,Graduate
1,45,1,8993,1,38,131.2918643090917,1,3,19,5,4,129.7605438820685,0,0,0,1,1,0,20,0,0,5,12,1,13.303763152709678,0,0,5,8,3,12.306141370282003,0,12.584119957277837,0.608363456143184,1.7076596987034158,Enrolled
1,1,5,9442,1,1,111.0912645688516,1,2,4,4,4,107.22568001398464,1,0,0,1,0,0,20,0,2,7,9,6,13.234926745874988,0,0,7,10,5,12.270244275610546,0,12.537246302729281,0.4826151043181751,1.7139731658907065,Dropout
2,7,1,9147,1,3,140.0,1,37,37,9,9,140.0,0,0,0,1,0,0,23,0,0,5,0,0,0.0,0,0,5,0,0,0.0,0,7.6,2.6,0.32,Dropout
1,42,1,9079,1,1,139.6665647354674,1,36,37,6,6,124.20069792867666,0,0,0,1,0,0,56,0,0,5,10,1,10.384885876848747,0,0,5,8,2,12.263206221913261,2,16.11273712696927,0.26077813368889224,-0.9888266579670473,Dropout
1,38,2,8021,0,1,141.0934527723452,1,38,37,9,9,150.33141433475112,0,0,0,1,0,0,29,0,0,6,7,6,13.154083270817512,0,0,6,8,6,15.570946564140932,0,12.330712262123047,0.42026094564159977,1.8578122600286187,Graduate
1,2,4,8884,1,1,169.4722316104195,1,3,4,3,0,166.0854131552512,1,0,0,1,1,0,18,0,0,6,7,6,14.451119141188157,0,0,6,6,6,15.138917074490939,0,9.421707245395547,-0.8,-3.125000212762104,Graduate
4,40,1,9991,0,1,147.00904974607582,1,19,19,8,7,149.2264062786648,0,0,0,1,0,0,28,0,0,5,8,4,11.653891310227301,0,0,5,7,4,11.818620815940628,0,10.746964677794631,1.4402402797738292,1.7028480116789215,Enrolled
1,1,1,9769,1,1,134.1352668921832,1,19,20,9,7,130.98584107492306,1,0,0,1,0,0,21,0,0,6,8,5,12.234665367863087,0,0,6,9,5,10.794072624148257,0,12.601750045531505,3.677953285759215,-1.5712833049670831,Dropout
1,43,1,7960,0,2,120.40333978119746,1,37,18,6,2,118.82353768796655,0,0,0,1,0,0,20,0,2,6,6,6,11.92293468763669,0,0,6,7,5,14.481129784512245,0,12.664025891816147,3.7,-1.5851743543913488,Enrolled
1,19,4,9493,1,2,149.92635021559843,1,40,37,10,7,130.49149740028497,0,0,0,1,1,1,22,0,0,7,7,7,14.779573683300237,0,0,8,9,8,15.367764128385287,0,15.92104180980434,0.22711454078005194,-0.9290942946817257,Graduate
2,52,1,9164,1,42,128.831617014441,1,19,19,174,153,132.7238717365541,0,0,0,1,0,0,30,0,6,11,20,9,12.126846326223589,0,3,9,16,9,11.61642211972357,0,9.002549644421817,1.4024749715865592,3.1795059068014977,Enrolled
1,44,1,9003,1,39,140.0,1,38,1,134,134,140.0,1,0,1,1,1,0,26,0,0,6,6,0,0.0,0,0,6,7,0,0.0,0,8.9,1.4,3.51,Enrolled
1,17,3,171,1,1,125.0,1,37,37,5,10,120.5,1,0,0,1,1,0,22,0,0,0,0,0,0.0,0,0,0,0,0,0.0,0,12.4,0.5,1.79,Graduate
1,38,1,9925,0,1,98.90403813106447,1,37,38,9,3,140.46076809163918,0,0,0,1,1,0,39,0,0,5,7,4,12.039836369564096,0,0,5,7,4,12.556823305370697,0,15.462900422140404,2.8690887081074012,-4.028724252137911,Enrolled
1,1,4,9500,1,1,126.0,1,19,19,9,9,125.0,1,0,0,1,0,0,19,0,0,7,8,6,11.658333333333331,0,0,8,11,6,12.416666666666666,0,12.4,0.5,1.79,Graduate
1,18,2,9238,1,1,126.0,1,19,37,5,7,129.9,1,0,0,1,1,1,20,0,1,7,9,6,12.0,0,2,6,6,6,11.166666666666666,0,10.8,1.4,1.74,Graduate
1,39,1,8947,1,1,132.7468383729954,1,35,39,4,10,130.4525121254601,0,0,1,1,0,1,30,0,0,6,6,0,0.034081394195078205,0,0,6,6,0,0.11013535003900016,0,11.013218604919855,0.6490627333376925,2.0082249163865917,Enrolled
1,15,2,9611,1,2,137.951571492283,1,1,37,5,8,133.39381588756953,1,0,0,1,0,0,18,0,0,7,9,6,12.51837456983491,0,0,8,9,8,13.844469049911492,0,14.164962567671248,-0.25073705169622856,0.7593468299207442,Graduate
1,17,1,9254,1,1,148.0,1,1,1,4,8,145.2,0,0,0,1,1,0,20,0,0,6,7,6,13.714285714285714,0,0,6,8,6,14.714285714285714,0,16.2,0.3,-0.92,Graduate
1,17,2,9708,1,1,119.51649064487427,1,36,37,7,5,110.22903023874532,1,0,0,1,0,0,32,0,0,7,7,0,0.0013796973720004114,0,0,8,8,0,0.0,0,15.773778385362046,0.3527845647154272,-0.8967455534948546,Dropout
2,39,1,9981,0,1,100.29719244290014,1,19,19,4,7,113.52109990245687,0,0,0,1,1,1,41,0,0,5,9,4,11.105526077683027,0,0,5,6,5,11.379861686981254,0,8.878214594832333,1.2489161697508697,3.322639392033476,Enrolled
1,41,1,9048,1,1,139.160627570313,1,3,37,1,4,112.6284735450836,1,0,0,1,0,0,19,0,0,5,8,2,11.268116605601476,0,0,5,10,3,11.049117891462556,0,10.74025353274815,1.4091683636942993,1.9237039884676816,Enrolled
1,42,1,9732,1,1,120.51800913282968,1,2,1,0,4,121.6315506149921,1,0,0,1,1,0,23,0,0,6,15,1,12.820665642197847,0,0,6,8,4,11.089079377082243,0,9.517794855660782,-0.6759475134130312,-3.148317739055842,Enrolled
1,42,1,9119,1,1,136.0,1,1,37,5,5,117.5,0,0,0,1,1,0,19,0,2,5,6,4,11.8,0,0,5,7,2,11.5,0,15.5,2.8,-4.06,Enrolled
1,1,1,9073,1,2,124.28559155695811,1,39,38,11,7,116.02537320814564,0,0,0,1,1,1,20,0,0,5,8,5,12.434524672906628,0,0,5,7,5,12.061074708504677,0,13.987532628164974,-0.32048837957109694,0.7663719526753217,Graduate
1,1,1,9637,1,1,132.77091417804013,1,1,19,10,6,130.30889587775684,1,0,0,1,1,0,21,0,0,6,10,6,12.823642452173893,0,0,6,8,4,12.861084822014105,0,12.285921996722985,0.6088060169911083,1.9681594849982087,Enrolled
1,53,1,216,1,2,130.19314824045833,1,18,19,9,7,118.41294211066104,0,0,0,1,0,0,34,0,10,12,12,10,11.991192114705783,0,5,10,11,5,10.854465313090587,0,10.927429251057955,0.6131943139762689,1.7104168025246154,Dropout
1,44,1,9085,1,39,140.0,1,1,3,9,4,140.0,0,0,1,0,0,0,24,0,2,6,11,4,12.5,0,1,6,18,2,11.5,0,12.4,0.5,1.79,Enrolled
1,18,1,9036,1,1,127.76556959710192,1,19,20,9,5,121.67315770063821,1,0,0,1,0,0,19,0,0,5,8,5,10.933552137287254,0,0,5,6,5,15.360114760073934,0,12.393844986039161,0.557232666051984,1.871457696606491,Graduate
1,16,2,9076,1,1,123.19274106630377,1,1,20,4,10,114.71332120195082,1,0,0,1,0,0,19,0,0,5,13,3,11.904933695593824,2,0,5,8,4,11.594337667757383,0,9.33227961496627,-0.8,-2.997904416302107,Enrolled
1,1,3,9201,1,1,116.99169282454298,1,18,18,11,9,116.9129752834365,1,0,1,1,0,0,19,0,0,6,0,0,0.0,0,0,6,0,0,0.0,0,12.242390807523494,0.427091826056786,1.734221439015318,Dropout
1,10,1,9725,1,1,150.93505769328914,21,38,37,0,6,150.06829710898464,1,0,0,1,0,0,18,1,0,6,12,0,0.0,1,0,6,0,0,0.6902158035903335,0,9.571229116757163,-0.791596446472095,-3.122798960606692,Dropout
1,19,6,8987,1,1,119.565644701485,1,38,38,6,10,115.29484232765901,1,0,1,0,1,0,19,0,0,5,8,4,12.56753939277368,0,0,5,9,5,10.73046133308602,0,8.87126814425313,1.372694392299865,3.51,Enrolled
1,17,3,9594,1,1,138.14332340824276,1,37,37,6,7,124.71218653724748,1,1,0,1,0,1,19,0,0,6,6,6,13.583515218167959,0,0,6,8,5,12.933271020303913,0,12.65712616554013,3.7,-1.8835851191692363,Dropout
1,1,1,9238,1,1,133.0,41,19,19,9,9,119.7,1,0,1,1,0,1,19,1,0,6,8,6,12.666666666666666,0,0,6,7,6,12.666666666666666,0,8.9,1.4,3.51,Graduate
1,1,1,9087,1,1,165.8333884729219,1,19,37,2,8,146.93062942700882,0,0,0,1,1,0,27,0,0,5,12,3,9.916892458233782,0,0,5,12,1,13.084618778296928,0,7.779092286909211,2.641715023360769,0.5175120205035079,Enrolled
2,38,2,9224,1,1,149.83862192006055,1,19,37,10,8,100.56678338348958,0,0,1,0,0,0,29,0,0,5,8,3,9.9094795092848,0,0,5,14,2,14.875356845900672,0,10.589814846336884,1.4461047022941114,1.60482170595048,Dropout
1,3,3,9370,1,1,137.88106925979992,1,19,18,5,8,124.9900315302905,1,0,0,1,0,1,18,0,0,7,9,7,13.169308622929893,0,0,8,9,7,13.922631187624907,0,13.693338852061391,-0.4900280914501427,0.7618135235454113,Dropout
1,1,1,9886,1,1,126.80188732065777,1,3,1,2,4,115.58425436459024,1,1,0,1,0,0,18,0,0,7,10,6,10.976539282693244,0,0,7,12,6,13.060795501620683,0,13.854157174366344,-0.22143942909968645,0.7603014278301421,Enrolled
1,1,6,9633,1,1,126.68021290186849,1,13,37,4,8,122.4250707163679,1,0,0,1,0,0,19,0,0,7,8,6,13.777395667181562,0,0,8,10,7,13.991563504601624,0,12.449898696707407,0.5229033945884674,1.7373082159119617,Dropout
1,1,3,9496,1,1,130.4651711406667,1,36,37,9,10,117.13344281137684,1,0,0,1,0,1,18,0,0,8,8,7,13.151698671705738,0,0,8,8,7,13.65123727932813,0,12.4796312790742,3.7,-1.6194555359667098,Enrolled
1,1,1,9037,1,1,146.86721530442713,1,1,1,7,6,126.51798068175718,0,0,0,1,0,0,19,0,0,5,7,3,12.61806423469042,0,0,5,7,4,10.350605822012778,0,7.6531624725647145,2.719329561234711,0.2807149133269897,Enrolled
1,17,6,9119,1,1,124.0,1,19,19,4,0,126.1,1,0,0,1,1,0,20,0,0,5,7,4,13.0,0,0,5,9,5,14.833333333333334,3,7.6,2.6,0.32,Graduate
1,1,5,9254,1,1,101.0,1,3,19,3,9,98.9,1,0,0,1,1,0,20,0,0,6,10,4,13.0,0,0,6,6,6,13.0,0,12.4,0.5,1.79,Graduate
1,1,1,9326,1,1,151.21208508194604,1,1,38,6,7,137.25310867297824,1,0,0,1,1,0,18,0,0,5,5,5,13.329486076210422,0,0,5,5,5,15.058732326071226,0,9.11411386983746,1.2637048936116329,3.434201152601026,Graduate
2,39,1,9991,0,3,130.90448117393709,1,3,1,0,12,159.86921769212148,0,0,0,1,0,0,30,0,0,5,5,5,14.520956500121045,0,0,5,5,5,15.58999142068847,0,12.440118253153404,3.646764965637253,-1.526287931238762,Dropout
1,1,1,9085,1,1,140.0,1,12,1,1,90,141.8,0,0,0,1,0,0,21,0,0,5,7,5,14.4,0,0,5,5,5,13.8,0,7.6,2.6,0.32,Graduate
1,2,3,9304,1,2,125.88896844816222,1,19,1,10,8,123.05424363911621,1,0,0,1,0,0,20,0,0,6,10,4,11.144423280471429,0,0,6,9,6,11.940042316560255,0,9.422272617607137,-0.8,-3.1441316189364494,Graduate
1,45,1,9008,1,39,140.94125479078582,1,39,1,132,132,139.65199252368635,1,0,1,1,1,0,26,0,0,6,6,0,0.0,0,0,6,7,0,0.0,0,8.735098587007373,1.4725257149309077,3.347406915937913,Enrolled
1,1,2,9826,1,1,131.1763923841788,1,18,36,7,11,122.06173436834538,1,0,0,1,0,1,18,0,0,6,7,6,12.678746856312422,0,0,6,6,6,13.305641614366364,0,11.058351377831038,0.5259004827485609,1.8027050925902741,Graduate
1,17,6,9500,1,1,139.0,1,37,37,9,6,133.5,1,0,0,1,0,1,18,0,0,8,8,7,15.228571428571428,0,0,8,8,7,15.228571428571428,0,12.7,3.7,-1.7,Graduate
1,1,1,9085,1,1,120.0,1,38,19,9,3,112.7,0,0,0,1,1,0,19,0,0,6,7,6,14.857142857142858,0,0,6,8,6,14.142857142857142,0,11.1,0.6,2.02,Graduate
1,17,1,9670,1,1,109.0,1,1,1,4,4,108.0,0,0,0,1,1,0,19,0,0,5,10,0,0.0,0,0,5,5,0,0.0,0,7.6,2.6,0.32,Enrolled
1,3,1,9130,1,1,145.94789436976504,1,38,37,12,8,148.23623280556197,1,0,0,1,1,0,17,0,0,5,7,4,9.636119364661365,0,0,5,8,1,15.951221289507876,0,11.044480840373746,1.3563445869893738,1.7684736023306682,Enrolled
1,1,1,124,1,2,123.63131899237631,1,3,3,2,6,119.19970297320026,1,0,0,1,1,0,18,0,0,0,0,0,0.12484144665473464,0,0,0,0,0,0.0,0,7.6,2.597064781310553,0.2420702928294303,Enrolled
1,7,1,9055,1,40,140.035132084853,1,6,3,3,1,140.63267764549795,0,0,1,1,1,0,27,0,8,13,12,8,13.238158804939003,2,5,11,12,5,14.40498578923975,0,11.098687353067872,0.5362078429463569,2.1413460117074568,Dropout
1,2,5,9081,1,1,122.8104178301579,2,3,1,8,1,121.20112914912156,1,0,0,1,0,0,20,0,0,6,6,6,11.080474918814154,0,0,6,9,6,11.581346033055857,0,12.169973426388125,0.4722971539650661,1.7432762429491961,Enrolled
2,43,1,9091,1,2,100.16344880833265,1,36,35,7,9,98.64882351762722,1,0,0,1,0,0,55,0,13,15,20,13,12.523699574980377,1,10,13,13,10,11.316894167000864,1,15.344690496673506,2.763344017594891,-4.022020681157396,Dropout
1,44,1,9003,1,39,150.0,1,1,38,6,6,150.0,1,0,0,1,1,0,21,0,0,6,12,4,11.8,0,0,6,11,4,11.875,0,16.2,0.3,-0.92,Dropout
1,15,1,33,1,1,130.00118370692965,26,1,1,3,9,129.36718434885415,0,0,0,1,1,0,21,1,6,12,12,12,15.522213810831543,0,4,11,15,11,13.241202677849227,0,9.00760323371719,1.4170497712755996,3.51,Enrolled
1,17,4,9085,1,1,123.0,1,19,19,4,10,124.4,1,0,0,1,0,0,19,0,0,6,14,6,15.666666666666666,0,0,6,9,6,14.5,0,15.5,2.8,-4.06,Graduate
1,17,1,8986,1,1,159.71567278499566,1,19,17,5,7,137.92938144806234,1,0,0,1,0,1,19,0,0,5,6,5,12.676237736914597,0,0,5,8,5,10.999564527733128,0,11.151134025109222,1.448971821465523,1.6789644304172107,Graduate
1,1,3,236,1,1,114.54032272274188,1,8,1,7,6,109.21192284493364,1,0,0,0,0,0,21,0,0,0,0,0,0.15167495411463577,0,0,0,0,0,0.0,0,9.431368644187057,-0.7813188234526994,-3.043376989134613,Dropout
1,44,1,9003,1,39,140.0,1,19,38,9,10,140.0,0,0,0,1,1,0,19,0,0,6,15,3,13.25,0,0,6,9,1,12.0,0,13.9,-0.3,0.79,Dropout
2,41,1,9080,1,3,110.05128607337389,1,3,20,3,7,149.89164659595014,0,0,0,1,1,0,32,0,0,6,8,6,18.875,0,6,12,14,12,17.804979468400802,0,16.2,0.2868222859364823,-0.9034017291596435,Graduate
1,1,6,9147,1,1,143.0,1,38,37,9,9,128.7,1,0,0,1,1,0,23,0,0,5,6,4,14.0,0,0,5,5,5,13.8,0,11.1,0.6,2.02,Enrolled
1,1,1,9757,1,1,131.7113584817013,1,1,18,5,3,126.35443226491306,1,0,0,1,0,0,18,0,0,6,9,5,12.549594421551214,0,0,6,8,5,11.341311096587667,0,9.325536718075496,-0.7611550876013284,-3.3527490834693316,Enrolled
1,43,1,9147,1,1,151.0,1,1,3,1,1,111.0,0,0,0,1,1,0,28,0,0,5,9,2,10.0,0,0,5,9,0,0.0,0,15.5,2.8,-4.06,Dropout
1,1,1,171,1,1,123.0,1,1,3,2,2,118.8,0,0,0,1,1,0,19,0,4,10,10,5,11.0,0,2,7,8,2,10.0,0,8.9,1.4,3.51,Enrolled
1,2,3,9331,1,1,127.40466945413625,2,1,1,7,6,121.5840617549435,1,0,0,1,0,1,19,0,0,7,10,5,12.908439516105764,0,0,7,7,7,12.56988822697822,0,12.42725177800982,0.5000895854577597,1.8552600071168257,Enrolled
1,17,1,9272,1,2,103.44632743521032,1,19,37,7,11,104.00491082374717,0,0,0,1,0,0,20,0,0,6,6,0,0.4058550450573461,0,0,5,5,0,0.23251603105601168,0,8.891461426825876,1.4187740937918463,3.444770134388584,Dropout
1,17,1,9054,1,1,120.602735760485,1,20,38,3,9,122.02716819768978,0,0,0,0,1,0,19,0,0,6,11,5,13.579602068980225,0,0,6,11,5,13.382926784932952,0,11.064484383061309,0.6900643886821748,1.8885020409669027,Enrolled
1,1,1,9939,1,1,133.33963693405948,1,19,38,6,9,95.0,1,0,1,0,0,0,22,0,0,7,10,6,11.31094050560745,0,0,7,8,6,13.28816491976438,0,10.859153837297058,0.5272954870723708,2.2172456118847217,Enrolled
1,1,1,9035,1,1,124.22677995497482,1,3,3,2,3,131.4521046577784,0,0,0,1,1,0,20,0,0,5,7,4,11.56848723763637,0,0,5,5,5,13.32351971513756,0,7.6,2.660633266200321,0.32681313949313634,Graduate
1,1,3,9275,1,1,147.04858163897129,1,18,19,10,1,135.32721583810516,1,0,0,1,0,0,19,0,0,6,7,6,16.941562805661796,0,0,6,6,6,15.094417829342904,0,13.735152600899266,-0.3824366280418251,0.9288320809169729,Graduate
1,1,2,9500,1,1,131.0,1,1,37,4,4,126.1,1,0,0,1,0,1,19,0,0,7,7,7,12.495714285714286,0,0,8,9,7,12.242857142857144,0,11.1,0.6,2.02,Dropout
1,1,2,9500,1,1,145.0,1,37,1,9,4,138.8,1,0,0,1,0,1,18,0,0,7,7,6,12.95,0,0,7,7,6,12.95,0,7.6,2.6,0.32,Graduate
1,39,1,9221,1,1,149.82847496171428,1,19,20,10,2,160.91225698733197,1,0,0,1,1,0,24,0,0,5,13,4,14.061615899801374,1,0,5,9,3,11.998909811774315,0,9.421730926373973,-0.8,-3.0660706448775588,Enrolled
1,1,6,9621,1,1,117.21100892312654,1,4,12,6,8,120.33294843511534,1,0,0,1,0,0,18,0,0,7,7,7,13.91066785945569,0,0,8,8,8,15.652124171426554,0,12.206488904403177,0.5566062438657815,1.8159508843185028,Graduate
1,1,4,9238,1,1,134.0,1,38,19,7,7,128.4,1,0,0,1,0,1,18,0,0,6,6,6,12.5,0,0,6,6,6,11.666666666666666,0,10.8,1.4,1.74,Graduate
1,16,5,9085,1,1,134.0,1,19,37,8,8,123.9,1,0,0,1,1,0,18,0,0,5,11,5,13.0,2,0,5,7,5,12.4,0,9.4,-0.8,-3.12,Enrolled
1,1,1,9498,1,1,141.77216094643836,1,19,1,90,88,129.78926574913868,0,0,0,1,1,0,18,0,0,8,8,0,0.10983060279030633,3,0,8,7,0,0.5995316730969619,3,10.811095780621768,1.35785809253101,1.5782539278029868,Dropout
1,43,1,9773,1,1,140.0,1,3,37,3,7,116.9,0,0,0,1,1,0,32,0,6,11,15,7,11.285714285714286,0,5,7,10,6,12.333333333333334,0,13.9,-0.3,0.79,Enrolled
1,16,1,175,1,1,133.8443240148177,41,1,4,0,4,100.62349282532604,0,0,0,1,1,0,20,1,0,7,10,7,13.079983011829682,0,0,7,7,4,12.375312429441395,0,8.755848661983327,1.4297232232454595,3.51,Enrolled
1,16,4,9241,1,1,128.4804813329595,1,34,36,1,4,118.89801736198207,1,0,0,1,1,0,18,0,0,5,9,3,11.380269389085175,0,0,5,10,3,11.343029986412356,4,7.6,2.6305817436633605,0.21451240969981927,Dropout
1,1,3,9500,1,1,153.0,6,37,37,9,9,131.8,1,0,0,1,0,0,18,1,0,7,7,6,14.716666666666669,0,0,7,7,6,14.716666666666669,0,7.6,2.6,0.32,Graduate
1,1,5,9500,1,1,143.0,1,37,37,9,5,131.6,1,0,0,1,0,1,19,0,0,7,10,7,14.368,0,0,8,8,8,14.44875,0,15.5,2.8,-4.06,Graduate
1,1,1,9683,1,2,127.85531870308239,1,2,17,8,3,125.82576104144074,0,0,0,1,1,1,19,0,0,6,10,4,13.879681254794162,0,0,6,9,6,12.207993564183374,0,9.20413192386044,-0.8,-3.1842552163030353,Graduate
1,1,5,9472,1,1,129.4354413394353,1,19,39,10,7,127.37254261072358,1,0,0,1,0,0,18,0,0,7,10,7,12.885973672658919,0,0,8,15,7,12.008288626113764,0,15.511517473231853,2.769325542262733,-4.06,Dropout
1,17,2,9773,1,1,115.0,1,1,1,5,5,119.6,1,0,0,1,0,1,22,0,0,6,11,5,12.0,0,0,6,11,5,11.0,0,7.6,2.6,0.32,Dropout
3,40,1,8983,1,1,169.48358273460627,2,2,37,6,7,169.79193535496478,0,0,1,1,0,0,47,0,0,1,1,0,0.18521500236119268,0,0,6,0,0,0.07162400246745786,0,9.040129183666773,1.3190039179075574,3.4554220983829222,Enrolled
1,17,4,9147,1,1,122.0,1,19,19,5,7,116.4,1,0,1,1,0,1,18,0,0,5,5,5,11.6,0,0,5,5,5,11.8,0,11.1,0.6,2.02,Graduate
1,17,3,9119,1,1,115.0,1,3,1,3,3,116.1,1,0,0,0,1,0,18,0,0,5,8,5,12.5,0,0,5,7,5,13.571428571428571,0,12.4,0.5,1.79,Dropout
4,39,1,9085,1,1,140.0,1,37,37,9,9,154.6,0,0,0,0,0,1,44,0,0,6,12,4,12.75,0,0,6,15,2,10.0,0,8.9,1.4,3.51,Enrolled
1,1,2,8997,1,2,127.65147228111863,1,1,39,140,193,121.42696374936116,1,0,0,1,1,0,20,0,0,5,7,5,11.010061003863596,0,0,5,9,3,12.172773692029113,0,8.945935243259864,1.3166075501874581,3.51,Enrolled
1,1,1,9383,1,1,144.10716050244724,1,1,19,4,2,133.48972804868828,0,0,0,1,0,1,17,0,0,5,5,5,15.002039635129165,0,0,5,5,5,15.059667471200404,0,12.697062117812676,3.7,-1.8002294691279024,Graduate
1,1,2,9500,1,1,135.0,1,19,19,9,10,122.9,1,0,0,1,0,0,18,0,0,7,10,7,13.128,0,0,8,13,6,13.193333333333332,0,15.5,2.8,-4.06,Graduate
4,39,1,8014,0,19,133.1,1,37,37,9,9,113.5,0,0,0,1,0,1,39,0,0,6,6,6,13.833333333333334,0,0,6,6,6,15.5,0,11.1,0.6,2.02,Graduate
1,1,1,9800,1,1,135.6028319801358,1,37,38,9,4,122.10995531116676,1,0,0,1,1,0,18,0,0,6,6,6,13.838768503407598,0,0,6,6,6,13.431338805556816,0,12.5585948143766,3.6660924752898327,-1.4812052616699047,Graduate
2,41,1,9857,1,1,134.0585312037876,2,37,38,5,8,99.50120170831885,0,0,0,1,0,0,34,0,6,12,18,11,13.299865518152135,0,4,13,22,8,11.492694916221705,0,12.835590801617862,3.7,-1.740163446777839,Dropout
1,1,1,9313,1,1,143.21182364110769,1,4,3,6,7,141.47518555485814,0,0,1,0,0,0,23,0,0,6,10,6,13.722556775392276,0,0,6,11,4,12.859203486334822,0,11.071622852344577,0.5762824885631465,2.016505068164491,Enrolled
1,1,2,9378,1,2,132.17111720701664,1,37,36,8,8,100.03532021435576,1,0,0,1,1,0,22,0,0,7,9,6,12.561700294560579,0,0,8,12,6,12.082980167824534,0,16.098056909993943,0.2552007348719519,-0.9421224510321797,Enrolled
1,16,5,9504,1,1,138.03315141666573,1,2,1,6,3,130.71847862837203,1,0,0,1,0,0,18,0,0,7,9,7,12.520322936724654,0,0,8,9,7,12.577041657718352,0,13.970175391637554,-0.2351534790754053,0.6200422280989908,Enrolled
2,39,1,9817,0,1,129.26602055323326,1,37,39,12,4,144.87823946323127,0,0,0,1,1,0,34,0,0,5,10,4,11.190124524649567,0,0,5,10,4,10.678319819738936,0,13.761494735963224,-0.2372842733343961,0.7306480831743307,Enrolled
1,38,1,9417,1,1,100.1671750464586,2,1,1,0,5,122.18745740969442,1,0,0,1,0,0,34,0,0,8,11,7,11.664789531487841,0,0,8,11,7,11.866602167900012,0,10.840640124228196,1.3517423538962368,1.7120916150571408,Enrolled
1,2,1,9198,1,1,121.81877595601843,1,1,1,8,11,119.27435713419706,1,0,0,1,0,1,19,0,0,6,8,5,11.589993211791327,0,0,6,9,5,12.601672892014298,0,12.410954392193112,0.511555456819465,1.9022769859252897,Graduate
2,40,1,8022,0,1,129.1351513133675,1,36,39,9,7,110.12388727825478,1,0,0,1,0,0,34,0,0,6,7,6,11.130885371305567,0,0,6,11,5,10.863181700204526,0,9.259137641989978,-0.8,-3.0735457947828237,Graduate
1,1,1,9991,0,1,122.0,1,37,37,9,3,113.6,0,0,0,1,1,0,26,0,0,5,11,2,11.5,0,0,5,10,3,12.0,0,7.6,2.6,0.32,Enrolled
1,16,2,9207,1,1,138.0627837603767,1,2,3,5,3,142.1451848894591,1,0,1,1,1,0,19,0,0,6,11,5,11.220229322311344,0,0,6,7,6,11.83537114376683,0,9.120361361317903,-0.8,-3.1526384248748704,Graduate
4,39,1,9769,0,1,147.97683717491626,1,19,19,5,8,147.1773924522332,0,0,0,1,0,0,28,0,0,5,8,4,11.828036617501787,0,0,5,7,4,12.110540352185353,0,10.829368608694393,1.421148521104366,1.7386469689136983,Enrolled
1,16,1,290,1,1,157.359022458878,1,37,37,10,8,164.5717963164794,1,0,0,1,1,1,18,0,0,0,0,0,0.0801501760038713,0,0,0,0,0,0.0,0,10.667192409367834,1.382387060043619,1.7464880021971922,Enrolled
1,16,5,9380,1,1,147.78568097401052,2,19,2,4,4,138.31677280428784,1,0,0,1,0,0,19,0,0,8,8,8,14.383052090557863,0,0,8,8,8,14.124411458668016,0,9.50377357466613,-0.8,-3.0513186534801715,Graduate
1,16,3,9577,1,1,143.19421594111108,1,3,4,8,7,129.65483821208295,1,0,0,1,1,0,20,0,0,7,8,7,13.24806110138501,0,0,8,9,8,14.541823868156094,0,13.977163902726812,-0.33329034717662864,1.0632254055464276,Graduate
1,1,1,9130,1,1,120.0,1,19,37,1,9,116.1,1,0,0,1,1,0,22,0,0,5,9,2,10.5,0,0,5,5,0,0.0,0,12.7,3.7,-1.7,Dropout
1,1,1,9592,1,1,146.8087059970106,1,1,1,2,3,137.08660416545683,0,0,0,1,1,0,18,0,0,7,7,7,14.7851699159565,0,0,8,9,8,14.412593861584488,0,16.130882154019563,0.22396038922330444,-0.995620689862619,Graduate
1,17,1,9734,1,1,128.70763849773644,1,20,38,4,5,125.3858284784762,1,0,0,1,1,0,19,0,0,6,6,0,0.6772774720336544,0,0,6,0,0,0.1860335879700722,0,8.872481288904691,1.3408222567647448,3.51,Dropout
1,17,2,9670,1,1,110.0,1,3,3,4,10,115.6,1,0,0,1,1,0,21,0,0,6,10,6,11.875,0,0,6,8,5,12.0,0,11.1,0.6,2.02,Graduate
3,17,1,9106,1,1,138.49153977053058,1,37,36,7,8,133.4321121906605,1,0,0,1,0,1,21,0,0,6,8,3,10.51536571221518,0,0,6,13,4,12.416150936120449,0,12.622690910767705,3.683431278093334,-1.701715049467087,Enrolled
1,18,3,9413,1,1,132.7646179672525,1,37,39,9,9,120.95489189047888,1,0,0,1,0,0,20,0,0,5,13,3,11.52545325391462,2,0,5,8,5,12.882668515294059,0,9.500621171605975,-0.7961167001078671,-3.16838836818348,Enrolled
1,3,1,9228,1,1,99.60707483330752,1,19,21,5,3,102.09547464291019,1,0,0,1,0,0,20,0,0,6,8,5,11.783153162250017,0,0,6,6,5,12.759118559059587,0,12.178966862533313,0.47434467174853384,1.8391188001617957,Enrolled
1,1,2,9670,1,1,160.0,1,2,1,4,4,137.3,1,0,0,1,0,0,19,0,0,6,7,5,13.4,0,0,6,6,5,12.8,0,12.7,3.7,-1.7,Graduate
1,1,1,9842,1,1,145.39065924091346,1,1,3,5,2,135.83718971433768,1,0,0,1,1,0,18,0,0,6,7,6,14.221307466789401,0,0,6,6,6,12.962240908928854,0,9.379307326090595,-0.7663060159515269,-3.0821204859551607,Graduate
1,16,2,9115,1,1,130.70493807954642,1,37,36,11,9,124.1325023809774,1,0,0,1,0,0,17,0,0,6,6,6,12.618557336393382,0,0,6,6,6,12.979641542993622,0,7.7041277512740445,2.6068373189364515,0.3266969869764056,Graduate
1,17,1,9083,1,1,115.93927639271789,1,38,39,9,8,122.42910090440576,0,0,0,1,0,0,20,0,0,6,6,6,14.522870459778495,0,0,6,7,6,13.406543972676493,0,11.168380578756315,0.6582464939715763,1.9076607414905995,Graduate
1,1,2,9085,1,1,144.0,1,1,19,4,10,132.1,1,0,0,1,0,1,19,0,0,5,10,3,12.666666666666666,1,0,5,7,3,13.0,0,12.7,3.7,-1.7,Graduate
1,1,1,9032,1,1,130.62545590561373,1,37,38,12,5,130.94659633619727,0,0,1,1,0,0,21,0,0,5,9,2,11.585234401043927,0,0,5,13,4,10.902463511575291,1,10.939835209863334,1.426293626883052,1.7026346676511819,Enrolled
1,16,2,9500,1,1,127.0,1,2,38,4,9,119.0,1,0,0,1,0,1,19,0,0,8,12,7,12.599999999999998,0,0,8,12,7,12.599999999999998,0,10.8,1.4,1.74,Graduate
1,1,4,9618,1,1,139.3639546704444,1,2,19,7,4,133.8764386740409,1,0,0,1,0,0,17,0,0,8,14,5,12.586831537278732,0,0,8,14,5,12.304865277867098,0,10.731053388968746,1.522160993621063,1.886038826851297,Enrolled
1,38,1,9051,1,4,160.19525137763605,1,3,4,4,1,180.89344684097625,0,0,1,1,1,0,24,0,6,12,17,6,11.811443704247791,0,7,12,14,10,13.198194602728302,0,12.314671703848179,0.5732694504161562,1.72181418720751,Dropout
1,1,3,9021,1,1,130.73084207030496,1,1,19,8,10,120.88211896175625,1,0,0,1,0,1,19,0,0,5,6,5,14.658584399816545,0,0,5,5,5,13.676100947077893,0,10.718700073354237,1.359589946558176,1.7090081910140886,Graduate
1,43,1,9991,0,1,140.0,1,37,37,9,9,135.8,1,0,0,1,1,0,25,0,14,15,16,15,10.8,0,13,14,14,14,11.357142857142858,0,9.4,-0.8,-3.12,Graduate
1,16,1,9217,1,2,109.44701617945076,1,1,1,3,0,100.48051628621755,0,0,0,1,1,0,21,0,0,5,5,5,10.797879971618096,0,0,5,11,3,11.612654679231204,0,10.876352074322178,1.4653797600220477,1.759482338461152,Enrolled
2,38,2,9619,1,1,108.86693824493875,1,20,37,11,8,112.08222965311901,0,0,0,1,0,1,26,0,0,7,7,0,0.374193188984992,0,0,8,8,0,0.16182764807343894,6,10.76136070879043,1.2735056543760108,1.7729264443387436,Enrolled
1,2,4,9584,1,1,117.18584260176674,1,3,3,3,4,110.99221817007721,1,0,0,1,0,0,18,0,0,7,7,7,11.828217352204634,0,0,8,8,8,12.890460028132093,0,12.499460012497007,0.32406344545133303,1.905003606607998,Graduate
1,38,1,8939,1,1,133.37197410460604,1,19,37,10,7,110.11240894981061,1,0,0,1,1,0,30,0,0,6,8,0,0.03773734113850598,0,0,6,10,0,0.0,0,16.033885715289365,0.20918241141087585,-0.7693282734848629,Dropout
5,39,1,9003,1,19,133.1,1,19,1,9,9,119.4,0,0,1,0,0,0,27,0,0,6,6,0,0.0,0,0,6,7,0,0.0,0,8.9,1.4,3.51,Dropout
1,2,1,9013,1,1,144.9929644703769,1,38,37,4,10,138.2596889369059,1,0,0,0,0,0,18,0,0,6,7,6,15.058004449095515,0,0,6,8,6,12.459904606399144,0,9.084326954143329,1.3935712797014916,3.51,Enrolled
1,17,4,9600,1,1,113.08568825761941,2,1,1,4,11,107.14529080605337,1,0,0,1,0,0,21,0,0,7,7,7,12.658079821830055,0,0,8,8,8,13.148921247544937,0,12.265712870286709,0.620424651809427,1.9156561205558054,Graduate
1,17,3,9803,1,1,128.62267425090613,1,39,36,3,9,116.44149124980305,1,0,0,0,1,0,20,0,0,6,10,4,11.861996026467423,0,0,6,12,0,0.38974229624125917,0,10.610982169256651,1.4419347472717314,1.5284085008013861,Dropout
1,42,1,9587,1,2,121.79643831039344,1,3,3,2,4,123.14472299005779,1,0,0,1,0,0,20,0,0,8,11,6,12.479994415175735,0,0,8,11,6,12.851794736694957,0,12.80997659059138,3.7,-1.6643408306237055,Graduate
1,43,1,9238,1,1,130.0,1,38,19,9,4,118.4,0,0,1,1,0,0,28,0,15,16,16,13,12.076923076923077,0,13,13,13,11,12.090909090909092,0,16.2,0.3,-0.92,Graduate
1,18,1,9393,1,1,136.84273430665036,1,19,19,5,4,127.46379856523484,0,0,0,1,1,0,20,0,0,6,7,6,13.89382651833484,0,0,6,7,5,12.90878833003649,0,16.2,0.20787739728512436,-0.7709429898819751,Graduate
1,1,1,9833,1,1,127.98771108645997,2,1,19,7,8,121.48831242744238,1,0,0,1,0,1,21,0,0,6,11,4,14.102993643264682,0,0,6,12,3,10.873521631730162,0,9.28695651424782,-0.7342086150035968,-3.074928209080466,Enrolled
1,53,1,9109,1,42,129.70186493354652,1,20,1,12,10,130.27477134546803,1,0,1,0,0,0,24,0,7,9,9,8,12.802655238789216,0,4,9,13,6,12.920917964234034,0,8.734600474356194,1.5471339092706042,3.489906606090803,Enrolled
2,6,1,7833,0,3,109.12752473249743,1,35,35,10,11,110.29859767806884,0,0,0,1,0,0,39,0,9,13,19,12,13.29154744101568,0,4,10,10,10,14.489505656181699,0,16.2,0.2691343762821791,-0.8924603450685936,Graduate
2,39,1,9991,0,1,133.1,1,37,37,6,3,140.0,0,0,1,1,1,0,37,0,0,5,10,4,10.75,0,0,5,12,3,13.333333333333334,0,9.4,-0.8,-3.12,Dropout
2,39,1,7900,0,1,133.1087068128941,1,39,38,8,9,113.45033303112727,0,0,0,1,0,1,50,0,3,9,11,8,13.295194983980947,0,2,7,8,7,11.86659976407208,0,12.857671400213547,3.5951806359133713,-1.6636625091349981,Graduate
1,38,1,308,1,1,109.96116701771511,1,11,2,7,1,98.7354332762239,1,0,0,1,1,0,27,0,0,0,0,0,0.0,0,0,0,0,0,0.34081574258302255,0,9.372223003473175,-0.8,-3.047881983326677,Dropout
1,17,1,9085,1,1,130.0,1,19,1,9,4,101.3,1,0,0,1,1,0,20,0,0,6,12,4,12.8,0,0,6,17,0,0.0,0,12.4,0.5,1.79,Dropout
1,40,1,9775,1,1,119.57077454667323,1,11,11,92,5,115.06227211326276,1,0,0,1,1,0,29,0,0,5,10,3,11.985016843067765,0,0,5,8,4,11.631357896498482,0,7.6,2.613123956175593,0.3674025430117557,Dropout
2,39,1,9500,1,19,133.1,1,38,38,2,10,120.0,0,0,0,1,0,0,37,0,0,7,9,2,10.75,0,0,7,9,0,0.0,0,16.2,0.3,-0.92,Dropout
1,1,1,171,1,1,170.0,1,19,19,8,8,176.7,1,0,0,1,0,1,19,0,0,0,0,0,0.0,0,0,0,0,0,0.0,0,11.1,0.6,2.02,Dropout
1,17,1,9670,1,1,126.0,1,12,38,9,5,122.2,0,0,0,1,0,1,19,0,0,6,6,6,13.666666666666666,0,0,6,9,6,13.666666666666666,0,8.9,1.4,3.51,Graduate
1,1,1,9670,1,1,115.0,1,1,1,5,4,108.0,1,0,0,1,0,1,20,0,0,6,9,5,13.0,0,0,6,6,5,13.8,0,12.4,0.5,1.79,Graduate
1,1,1,9716,1,1,125.39207250065988,1,36,39,10,6,118.83146099870002,0,0,0,1,0,1,18,0,0,6,6,6,12.134271681707576,0,0,6,7,6,12.191123407203069,0,15.332105455885666,2.590414377435033,-4.06,Graduate
1,1,4,9228,1,1,125.2773994644018,2,19,39,9,4,115.38697342680179,1,0,1,1,0,1,19,0,0,6,9,5,11.179482965974994,0,0,6,9,3,9.93633094023096,0,8.859067122438748,1.4622891127573086,3.408089459698921,Enrolled
1,2,1,9134,1,1,146.87125921170886,1,2,1,10,10,140.68942009758547,0,0,0,0,1,0,18,0,0,6,8,5,11.697635555000161,0,0,6,11,4,13.063220531489485,0,8.807557777682685,1.428892785284531,3.51,Dropout
1,17,2,9254,1,1,115.0,1,19,19,9,7,113.3,1,0,1,1,0,0,21,0,0,6,0,0,0.0,0,0,6,0,0,0.0,0,11.1,0.6,2.02,Dropout
1,17,3,9085,1,1,117.0,1,19,38,5,7,111.1,0,0,0,1,0,0,21,0,0,6,0,0,0.0,0,0,6,0,0,0.0,0,15.5,2.8,-4.06,Dropout
1,1,1,9174,1,2,121.92933544435668,1,39,19,10,5,118.40234238933678,0,0,0,1,1,0,19,0,0,6,10,4,12.722382746355706,0,0,6,12,2,13.048142587470744,0,10.961301707629321,1.41126742467611,1.8056208949081545,Enrolled
1,44,1,9086,1,40,160.27516976700875,1,38,37,10,10,160.8630444058351,0,0,0,1,1,1,22,0,0,6,8,6,13.090987790025205,0,0,6,10,6,13.093455939748216,0,16.126830531901323,0.27551817334367507,-1.125281640298345,Graduate
1,42,1,9991,0,2,139.4188012274634,1,38,38,9,8,136.0262321147161,1,0,0,1,1,0,25,0,14,15,16,15,10.916588620224243,0,13,14,14,14,11.314555515653492,0,9.316035014192995,-0.8,-3.226432740420934,Graduate
1,2,1,9500,1,1,120.8894397660095,1,1,1,4,4,115.36319739332475,0,0,0,1,1,1,21,0,0,7,9,6,12.998421232463667,0,0,8,10,7,11.49537102509442,0,12.530026555249705,0.5244289269074817,1.818775457161075,Graduate
